<?xml version='1.0' encoding='UTF-8'?>

<!-- =========== FULL CONFIGURATION FILE ================================== -->

<faces-config version="2.1"
    xmlns="http://java.sun.com/xml/ns/javaee"
    xmlns:xsi="http://www.w3.org/2001/XMLSchema-instance"
    xsi:schemaLocation="http://java.sun.com/xml/ns/javaee http://java.sun.com/xml/ns/javaee/web-facesconfig_2_1.xsd">
    

    <application>
	 <resource-bundle>
	   <base-name>com.jsfprohtml5.survey.messages</base-name>
	   <var>bundle</var>
	 </resource-bundle>
    </application>    
</faces-config>
