<?xml version='1.0' encoding='UTF-8'?>

<!-- =========== FULL CONFIGURATION FILE ================================== -->

<faces-config version="2.1"
    xmlns="http://java.sun.com/xml/ns/javaee"
    xmlns:xsi="http://www.w3.org/2001/XMLSchema-instance"
    xsi:schemaLocation="http://java.sun.com/xml/ns/javaee http://java.sun.com/xml/ns/javaee/web-facesconfig_2_1.xsd">
    
    <factory>
      <exception-handler-factory>
        com.jsfprohtml5.firstapplication.exceptions.CustomExceptionHandlerFactory
      </exception-handler-factory>
    </factory>
    
    <managed-bean>
        <managed-bean-name>user</managed-bean-name>
        <managed-bean-class>com.jsfprohtml5.firstapplication.model.User</managed-bean-class>        
    
        <managed-bean-scope>session</managed-bean-scope>
        <managed-property>
            <property-name>profession</property-name>
            <value>#{profession}</value>
        </managed-property>
        <managed-property>
            <property-name>favoriteSports</property-name>
            <list-entries>
                <value>Handball</value>
                <value>Football</value>
                <value>Basketball</value>                
            </list-entries>
        </managed-property>
        <managed-property>
            <property-name>spokenLanguages</property-name>
            <map-entries>
                <map-entry>
                    <key>EN</key>
                    <value>English</value>
                </map-entry>
                <map-entry>
                    <key>FR</key>
                    <value>French</value>
                </map-entry>                
            </map-entries>
        </managed-property>
    </managed-bean>    
    
    <managed-bean>
        <managed-bean-name>profession</managed-bean-name>
        <managed-bean-class>com.jsfprohtml5.firstapplication.model.Profession</managed-bean-class>        
    
        <managed-bean-scope>none</managed-bean-scope>
        <managed-property>
            <property-name>title</property-name>
            <value>Software Engineer</value>
        </managed-property>
        <managed-property>
            <property-name>industry</property-name>
            <value>IT</value>
        </managed-property>
    </managed-bean>  
    
    <application>
	 <resource-bundle>
	   <base-name>com.jsfprohtml5.firstapplication.messages</base-name>
	   <var>bundle</var>
	 </resource-bundle>
    </application>    
    
    <lifecycle>
        <phase-listener>
            com.jsfprohtml5.firstapplication.model.AuthorizationListener
        </phase-listener>
    </lifecycle>
</faces-config>
