<?xml version='1.0' encoding='UTF-8'?>
<faces-config version="2.2"
    xmlns="http://xmlns.jcp.org/xml/ns/javaee"
    xmlns:xsi="http://www.w3.org/2001/XMLSchema-instance"
    xsi:schemaLocation="http://xmlns.jcp.org/xml/ns/javaee http://xmlns.jcp.org/xml/ns/javaee/web-facesconfig_2_2.xsd">
    
    <flow-definition id="registration">
        <flow-return id="flowReturn">
            <from-outcome>/home</from-outcome>
        </flow-return>       
    </flow-definition>
    
    <application>
	 <resource-bundle>
	   <base-name>com.jsfprohtml5.weather.messages</base-name>
	   <var>bundle</var>
	 </resource-bundle>
    </application>   
</faces-config>
